building_id,latitude,longitude,Energy_Consumption,CO2_Usage,Water_Usage,Energy_Intensity,CO2_Intensity,year,city,address,building_type,construction_year,class_label,class_cosine,class_mahalanobis,class_pca,class_weighted,class_tree,class_topsis
CIT_SAMPLE_001,45.34126864677885,-3.164478153078023,7907.205730249408,2031.844349691514,30564.560945053032,84.02108688690629,21.590151624993265,2025,city2,"Sample Address 1, city2",Industrial,1904,D,D,D,D,D,D,D
CIT_SAMPLE_002,50.27528050572992,-1.148537627669366,27759.699366644945,6491.431899813839,302.1997825390333,134.33929019641235,31.414401945115035,2025,city2,"Sample Address 2, city2",Industrial,1989,B,B,B,B,B,B,B
CIT_SAMPLE_003,50.63564705166708,1.2482672128507666,36725.4160711373,6569.766698077488,203.8973953051864,146.1354541536665,26.14200035875745,2025,city2,"Sample Address 3, city2",Residential,1901,D,D,D,D,D,D,D
CIT_SAMPLE_004,49.79141389687828,7.470004684017805,5796.568166744462,1729.2214028597086,2524.3226617290075,16.649545613858585,4.966861390253098,2025,city2,"Sample Address 4, city2",Commercial,1985,D,D,D,D,D,D,D
CIT_SAMPLE_005,43.62486470818226,-4.406406920994037,17086.469744849805,2889.2208585785397,15647.117239729818,182.73985273065333,30.900227026833104,2025,city2,"Sample Address 5, city2",Public,1938,E,E,E,E,E,E,E
CIT_SAMPLE_006,42.197285036060755,3.920509733040536,12054.543729355126,2189.7550642102115,13264.877975572916,31.272606633282145,5.6807914329866405,2025,city2,"Sample Address 6, city2",Residential,1905,E,E,E,E,E,E,E
CIT_SAMPLE_007,46.67936441220524,-3.1005257834013973,26168.95871390848,4129.438525995538,8526.899631346882,402.9185595405221,63.58019211979402,2025,city2,"Sample Address 7, city2",Public,1938,C,C,C,C,C,C,C
CIT_SAMPLE_008,45.52594971963624,1.9896983381626931,58112.87572683592,15844.443554839574,2686.7099912639733,119.19163062670805,32.49753243242207,2025,city2,"Sample Address 8, city2",Residential,2004,B,B,B,B,B,B,B
CIT_SAMPLE_009,42.200466275019835,-1.4253120694853783,7683.095187323525,911.6114709413854,19645.05266857613,34.292442583434756,4.0688528859094015,2025,city2,"Sample Address 9, city2",Commercial,1993,D,D,D,D,D,D,D
CIT_SAMPLE_010,44.3571838127617,-2.860071532965226,8348.123869827394,2332.282752581601,1158.216763241444,17.889973487296338,4.998066303180773,2025,city2,"Sample Address 10, city2",Commercial,1910,F,F,F,F,F,F,F
CIT_SAMPLE_011,43.65440639959505,-0.248190441975078,11205.630407274863,2464.3425589043522,4699.982891315875,23.059000178042968,5.071135977110445,2025,city2,"Sample Address 11, city2",Industrial,1974,G,G,G,G,G,G,G
CIT_SAMPLE_012,46.91293001516722,7.186312547529001,9900.49644506741,1331.986031741557,13410.190166259325,182.77906269158242,24.590601062363646,2025,city2,"Sample Address 12, city2",Residential,1994,B,B,B,B,B,B,B
CIT_SAMPLE_013,47.3181126626588,-3.285229701718529,15955.018033235297,3811.406527320554,695.8828863361542,64.08238471749372,15.308288520247796,2025,city2,"Sample Address 13, city2",Industrial,1977,E,E,E,E,E,E,E
CIT_SAMPLE_014,46.47980921369107,8.490391907782596,32711.719420907848,9658.906076022355,6572.762272109676,81.16484549533075,23.965833444181225,2025,city2,"Sample Address 14, city2",Industrial,2018,D,D,D,D,D,D,D
CIT_SAMPLE_015,45.84259606403944,5.819472111701543,32867.44118580971,7871.466181211903,1285.0194934808585,81.97629410816862,19.632609155230565,2025,city2,"Sample Address 15, city2",Public,1944,D,D,D,D,D,D,D
CIT_SAMPLE_016,44.938102873856764,8.146114048913034,41744.723249335824,5389.02686045402,1637.8389503060394,310.0702181060958,40.02845399213834,2025,city2,"Sample Address 16, city2",Industrial,1939,D,D,D,D,D,D,D
CIT_SAMPLE_017,46.09107209246664,3.552699135634491,36814.691736337874,8245.77486737121,2499.2687803737144,80.67134306465621,18.068811710381397,2025,city2,"Sample Address 17, city2",Residential,1950,C,C,C,C,C,C,C
CIT_SAMPLE_018,43.66907312486895,-4.576158059880846,36450.7735463543,10202.970863088156,3847.7812964856557,147.57017381851654,41.306508401432,2025,city2,"Sample Address 18, city2",Commercial,1922,D,D,D,D,D,D,D
CIT_SAMPLE_019,43.728848412740525,3.028776157014198,24553.718633382974,5056.1259841991405,1502.682712341556,57.7010660901137,11.881860500656057,2025,city2,"Sample Address 19, city2",Public,1930,D,D,D,D,D,D,D
CIT_SAMPLE_020,46.763447272384596,-4.334806545754164,5596.142936156541,777.7260671054136,33281.78339059826,17.628253768426585,2.4498931906608266,2025,city2,"Sample Address 20, city2",Residential,1911,B,B,B,B,B,B,B
CIT_SAMPLE_021,48.745527098621544,-1.9381044151523472,27602.052462525713,5893.729063060946,11675.762261759746,125.82647874804559,26.867102571694705,2025,city2,"Sample Address 21, city2",Commercial,1941,B,B,B,B,B,B,B
CIT_SAMPLE_022,49.96190001916791,-2.0712692670689634,5302.031947429507,798.0132452867562,2180.171017047509,19.272476102090344,2.9007164331397206,2025,city2,"Sample Address 22, city2",Public,1932,D,D,D,D,D,D,D
CIT_SAMPLE_023,48.97441139027733,4.407502100799741,14656.606001454336,2267.523576388053,1558.5779637065868,45.88094932944472,7.098241864539327,2025,city2,"Sample Address 23, city2",Public,1900,G,G,G,G,G,G,G
CIT_SAMPLE_024,49.40441567356389,1.79545064628733,63276.550597763795,12976.044169393024,1371.058762036017,412.17314595250406,84.52383855934117,2025,city2,"Sample Address 24, city2",Residential,1991,D,D,D,D,D,D,D
CIT_SAMPLE_025,47.26761800258954,3.886143504540577,6050.77970699017,1453.4182765900307,2203.8620505876384,72.87568394920059,17.504992100175787,2025,city2,"Sample Address 25, city2",Industrial,2018,E,E,E,E,E,E,E
CIT_SAMPLE_026,45.952682317528875,8.887582083701519,6234.277698641446,1117.4853080403595,4049.3065610099748,14.062487851022627,2.520680715175443,2025,city2,"Sample Address 26, city2",Public,1948,B,B,B,B,B,B,B
CIT_SAMPLE_027,43.16963402167511,4.808419749427262,17721.26712635394,4270.795084809517,5235.471673989131,134.00955896958214,32.296074636426745,2025,city2,"Sample Address 27, city2",Residential,1911,B,B,B,B,B,B,B
CIT_SAMPLE_028,43.0818129754112,-0.2871011243595101,12960.437379106032,1727.9593610139834,16906.491118227492,33.92792144142471,4.52346381064037,2025,city2,"Sample Address 28, city2",Industrial,1906,G,G,G,G,G,G,G
CIT_SAMPLE_029,48.05149366634388,7.953586730390191,21967.154631467845,6003.213180271279,1151.908992247717,45.03984901690693,12.308549732171528,2025,city2,"Sample Address 29, city2",Residential,1955,A,A,A,A,A,A,A
CIT_SAMPLE_030,49.636154475011345,1.2186157540211262,4590.360717379237,604.0152824067321,6245.509720893667,23.520047794759805,3.0948479184186084,2025,city2,"Sample Address 30, city2",Commercial,1956,B,B,B,B,B,B,B
CIT_SAMPLE_031,44.57006232012065,-1.0357664028986058,7174.332964658624,2081.1359350873513,8229.474167605458,25.379282959716175,7.362041605038417,2025,city2,"Sample Address 31, city2",Residential,2010,D,D,D,D,D,D,D
CIT_SAMPLE_032,50.79362906780884,4.595702553040937,52101.519441853176,13798.278473254753,4410.974335403556,132.42317733125864,35.07022245616321,2025,city2,"Sample Address 32, city2",Public,1970,E,E,E,E,E,E,E
CIT_SAMPLE_033,45.39811386363799,6.683466985027831,28606.50256056569,4247.1003314451655,1379.007739122625,258.2421016353452,38.340237962556515,2025,city2,"Sample Address 33, city2",Industrial,2014,D,D,D,D,D,D,D
CIT_SAMPLE_034,43.311487880855786,-1.1814903869260656,43762.703868762925,10514.532435918103,2030.1979580941552,189.0378431935122,45.4186866477629,2025,city2,"Sample Address 34, city2",Commercial,1989,E,E,E,E,E,E,E
CIT_SAMPLE_035,47.00112827522564,4.1371358352832495,25730.51732544382,5174.530190991069,9065.876054271675,128.7340445764144,25.889032538429785,2025,city2,"Sample Address 35, city2",Residential,1975,E,E,E,E,E,E,E
CIT_SAMPLE_036,47.0822352415574,0.5899698340906987,5898.123828000424,1212.0754335538602,1832.6915088644282,14.78585745208544,3.038521249184724,2025,city2,"Sample Address 36, city2",Commercial,1966,G,G,G,G,G,G,G
CIT_SAMPLE_037,50.72786587912621,1.115843359381829,9437.876303326739,2628.856759305678,884.539336024917,68.40530682526969,19.053836630238727,2025,city2,"Sample Address 37, city2",Industrial,1989,F,F,F,F,F,F,F
CIT_SAMPLE_038,50.624420622937635,3.825630227277294,14502.674987207747,1928.2206774815945,1919.1679885139372,183.29564080027325,24.370293411048433,2025,city2,"Sample Address 38, city2",Residential,1901,G,G,G,G,G,G,G
CIT_SAMPLE_039,46.55834407819666,2.948644245891882,31137.845003242706,6685.6250259236685,19552.727675151982,79.89519455181517,17.154344242224514,2025,city2,"Sample Address 39, city2",Public,1901,E,E,E,E,E,E,E
CIT_SAMPLE_040,46.1940476679723,-2.0790712479985825,9863.559242842919,2308.8625335975394,4276.979411988862,46.326135548093724,10.844024561515791,2025,city2,"Sample Address 40, city2",Public,1980,E,E,E,E,E,E,E
CIT_SAMPLE_041,42.56005310995852,0.7175289971981513,43575.2464708525,12572.191473652152,3393.590447534996,217.49070900185228,62.74972739719662,2025,city2,"Sample Address 41, city2",Commercial,1961,E,E,E,E,E,E,E
CIT_SAMPLE_042,49.46248014222406,1.5356377518447513,3437.826489991247,398.2236825753529,2037.4485961617802,30.04473206324315,3.480258203561905,2025,city2,"Sample Address 42, city2",Public,1969,C,C,C,C,C,C,C
CIT_SAMPLE_043,42.53226099913706,-0.5484596097215686,9602.357213519785,1252.4922570974911,2437.008842926715,20.74870260052006,2.706376025605497,2025,city2,"Sample Address 43, city2",Industrial,2015,A,A,A,A,A,A,A
CIT_SAMPLE_044,46.57815479461194,-0.5577122287530472,46396.55601945061,11951.633629921935,1656.6087165443685,100.30677317194531,25.838767063835366,2025,city2,"Sample Address 44, city2",Commercial,2002,D,D,D,D,D,D,D
CIT_SAMPLE_045,45.676824375018704,-3.566784883899787,17217.677378237295,2148.845863415932,1489.5906947288447,37.74812100661577,4.711140294643776,2025,city2,"Sample Address 45, city2",Industrial,1923,D,D,D,D,D,D,D
CIT_SAMPLE_046,45.482246667132,-0.2459722112096232,28413.25811235963,6393.315122448284,5771.867598611562,93.24173345351669,20.980479682206852,2025,city2,"Sample Address 46, city2",Residential,1900,G,G,G,G,G,G,G
CIT_SAMPLE_047,47.787608978348544,-0.5813834145452281,7074.71840069881,1400.3273446465557,2669.4983580134112,29.844936478902987,5.907327795056726,2025,city2,"Sample Address 47, city2",Commercial,1976,E,E,E,E,E,E,E
CIT_SAMPLE_048,47.823091223160354,0.3486704755825327,51539.003440870554,15305.569102254307,1221.7019396573344,131.60678943581692,39.08334805787823,2025,city2,"Sample Address 48, city2",Residential,1948,E,E,E,E,E,E,E
CIT_SAMPLE_049,47.694880373662194,4.298230149314184,19468.685381467025,4246.71731358819,3093.139070009265,173.58298178324216,37.86377146886797,2025,city2,"Sample Address 49, city2",Public,1966,A,A,A,A,A,A,A
CIT_SAMPLE_050,50.91885819047611,2.6662701469292456,33816.388832457655,7555.723826221239,34740.66917803745,112.73167716742326,25.188065566783262,2025,city2,"Sample Address 50, city2",Industrial,1910,E,E,E,E,E,E,E
